,Año,Trimestre,Provincia,Accesos por cada 100 hogares,Accesos por cada 100 hogares posterior
960,2014,1,Buenos Aires,54.570072879439756,55.06141695143392
936,2014,2,Buenos Aires,55.06141695143392,56.754739164071026
912,2014,3,Buenos Aires,56.754739164071026,56.09433653019754
888,2014,4,Buenos Aires,56.09433653019754,56.37048433026737
864,2015,1,Buenos Aires,56.37048433026737,56.80280561439208
840,2015,2,Buenos Aires,56.80280561439208,57.68868105608009
816,2015,3,Buenos Aires,57.68868105608009,58.29182182733718
792,2015,4,Buenos Aires,58.29182182733718,57.33590782254113
768,2016,1,Buenos Aires,57.33590782254113,59.33852679105808
744,2016,2,Buenos Aires,59.33852679105808,60.14329545468815
720,2016,3,Buenos Aires,60.14329545468815,61.236587430356856
696,2016,4,Buenos Aires,61.236587430356856,58.57400244920328
672,2017,1,Buenos Aires,58.57400244920328,56.272144161691315
648,2017,2,Buenos Aires,56.272144161691315,55.62938339533962
624,2017,3,Buenos Aires,55.62938339533962,57.609615290258205
600,2017,4,Buenos Aires,57.609615290258205,62.62621166168454
576,2018,1,Buenos Aires,62.62621166168454,62.78226651094991
552,2018,2,Buenos Aires,62.78226651094991,64.44056759752046
528,2018,3,Buenos Aires,64.44056759752046,64.60284663484316
504,2018,4,Buenos Aires,64.60284663484316,66.24255522736811
480,2019,1,Buenos Aires,66.24255522736811,67.84713982374198
456,2019,2,Buenos Aires,67.84713982374198,69.35630106079125
432,2019,3,Buenos Aires,69.35630106079125,64.25205288245421
408,2019,4,Buenos Aires,64.25205288245421,64.32563101743429
384,2020,1,Buenos Aires,64.32563101743429,65.2205801358229
360,2020,2,Buenos Aires,65.2205801358229,67.65618983090923
336,2020,3,Buenos Aires,67.65618983090923,68.97702220170737
312,2020,4,Buenos Aires,68.97702220170737,69.10524076185938
288,2021,1,Buenos Aires,69.10524076185938,70.00330336027972
264,2021,2,Buenos Aires,70.00330336027972,71.68218940101933
240,2021,3,Buenos Aires,71.68218940101933,75.66410602338475
216,2021,4,Buenos Aires,75.66410602338475,76.07814661157262
192,2022,1,Buenos Aires,76.07814661157262,77.58
168,2022,2,Buenos Aires,77.58,78.11
144,2022,3,Buenos Aires,78.11,78.94
120,2022,4,Buenos Aires,78.94,79.0
96,2023,1,Buenos Aires,79.0,79.67
72,2023,2,Buenos Aires,79.67,80.64
48,2023,3,Buenos Aires,80.64,80.96
24,2023,4,Buenos Aires,80.96,81.1
0,2024,1,Buenos Aires,81.1,112.25412278926913
961,2014,1,Capital Federal,112.25412278926913,113.1433524754098
937,2014,2,Capital Federal,113.1433524754098,113.8005123324155
913,2014,3,Capital Federal,113.8005123324155,114.89676550801623
889,2014,4,Capital Federal,114.89676550801623,114.89699714890288
865,2015,1,Capital Federal,114.89699714890288,116.06627091860372
841,2015,2,Capital Federal,116.06627091860372,118.28921116431961
817,2015,3,Capital Federal,118.28921116431961,118.13036321153807
793,2015,4,Capital Federal,118.13036321153807,115.16005888884817
769,2016,1,Capital Federal,115.16005888884817,120.03953504825309
745,2016,2,Capital Federal,120.03953504825309,120.77287775101534
721,2016,3,Capital Federal,120.77287775101534,120.63133173632356
697,2016,4,Capital Federal,120.63133173632356,108.36920836560806
673,2017,1,Capital Federal,108.36920836560806,124.06139375642523
649,2017,2,Capital Federal,124.06139375642523,121.85832590969336
625,2017,3,Capital Federal,121.85832590969336,122.89742418734991
601,2017,4,Capital Federal,122.89742418734991,106.23567174586837
577,2018,1,Capital Federal,106.23567174586837,106.53494128146691
553,2018,2,Capital Federal,106.53494128146691,108.44591411021922
529,2018,3,Capital Federal,108.44591411021922,108.27314997057414
505,2018,4,Capital Federal,108.27314997057414,109.19616455883845
481,2019,1,Capital Federal,109.19616455883845,110.54556699485231
457,2019,2,Capital Federal,110.54556699485231,112.6453878037209
433,2019,3,Capital Federal,112.6453878037209,106.24546751041055
409,2019,4,Capital Federal,106.24546751041055,105.98017414181909
385,2020,1,Capital Federal,105.98017414181909,106.41480599073645
361,2020,2,Capital Federal,106.41480599073645,107.6759011657323
337,2020,3,Capital Federal,107.6759011657323,108.31107489043508
313,2020,4,Capital Federal,108.31107489043508,108.4199392232935
289,2021,1,Capital Federal,108.4199392232935,110.14440203212098
265,2021,2,Capital Federal,110.14440203212098,111.27105514250894
241,2021,3,Capital Federal,111.27105514250894,111.27002612891737
217,2021,4,Capital Federal,111.27002612891737,111.79786269174652
193,2022,1,Capital Federal,111.79786269174652,121.31
169,2022,2,Capital Federal,121.31,122.28
145,2022,3,Capital Federal,122.28,122.73
121,2022,4,Capital Federal,122.73,122.59
97,2023,1,Capital Federal,122.59,115.48
73,2023,2,Capital Federal,115.48,116.4
49,2023,3,Capital Federal,116.4,117.02
25,2023,4,Capital Federal,117.02,119.53
1,2024,1,Capital Federal,119.53,24.251751254585553
962,2014,1,Catamarca,24.251751254585553,24.703118860058403
938,2014,2,Catamarca,24.703118860058403,24.706121305327624
914,2014,3,Catamarca,24.706121305327624,25.513779082747998
890,2014,4,Catamarca,25.513779082747998,25.10946633078758
866,2015,1,Catamarca,25.10946633078758,25.45341804469818
842,2015,2,Catamarca,25.45341804469818,25.863781184637624
818,2015,3,Catamarca,25.863781184637624,26.23945178859185
794,2015,4,Catamarca,26.23945178859185,25.910217981190538
770,2016,1,Catamarca,25.910217981190538,26.074188059740646
746,2016,2,Catamarca,26.074188059740646,26.48067675746367
722,2016,3,Catamarca,26.48067675746367,26.543515589961913
698,2016,4,Catamarca,26.543515589961913,25.659350838021506
674,2017,1,Catamarca,25.659350838021506,25.97712106768351
650,2017,2,Catamarca,25.97712106768351,32.49092567790524
626,2017,3,Catamarca,32.49092567790524,28.620950093924897
602,2017,4,Catamarca,28.620950093924897,32.79361613741535
578,2018,1,Catamarca,32.79361613741535,32.8575008674866
554,2018,2,Catamarca,32.8575008674866,32.91594537411041
530,2018,3,Catamarca,32.91594537411041,32.225346166025346
506,2018,4,Catamarca,32.225346166025346,32.190488956121285
482,2019,1,Catamarca,32.190488956121285,32.13095022019278
458,2019,2,Catamarca,32.13095022019278,30.883614526737205
434,2019,3,Catamarca,30.883614526737205,36.43842912715547
410,2019,4,Catamarca,36.43842912715547,37.615427687460254
386,2020,1,Catamarca,37.615427687460254,45.43181818181818
362,2020,2,Catamarca,45.43181818181818,47.15709898417198
338,2020,3,Catamarca,47.15709898417198,49.40688354549741
314,2020,4,Catamarca,49.40688354549741,48.899092927848244
290,2021,1,Catamarca,48.899092927848244,52.34030966263861
266,2021,2,Catamarca,52.34030966263861,52.709793486001274
242,2021,3,Catamarca,52.709793486001274,55.2526999859741
218,2021,4,Catamarca,55.2526999859741,58.20635083561171
194,2022,1,Catamarca,58.20635083561171,62.4
170,2022,2,Catamarca,62.4,65.33
146,2022,3,Catamarca,65.33,65.77
122,2022,4,Catamarca,65.77,66.17
98,2023,1,Catamarca,66.17,67.42
74,2023,2,Catamarca,67.42,68.55
50,2023,3,Catamarca,68.55,68.63
26,2023,4,Catamarca,68.63,68.82
2,2024,1,Catamarca,68.82,20.71853886384081
963,2014,1,Chaco,20.71853886384081,20.95799636749445
939,2014,2,Chaco,20.95799636749445,21.112666705262427
915,2014,3,Chaco,21.112666705262427,21.87078320023224
891,2014,4,Chaco,21.87078320023224,26.649591220305552
867,2015,1,Chaco,26.649591220305552,27.46453938839946
843,2015,2,Chaco,27.46453938839946,27.963072793479412
819,2015,3,Chaco,27.963072793479412,28.35056623514143
795,2015,4,Chaco,28.35056623514143,28.07514644775236
771,2016,1,Chaco,28.07514644775236,28.5935505552226
747,2016,2,Chaco,28.5935505552226,28.910749068480953
723,2016,3,Chaco,28.910749068480953,28.786656085255263
699,2016,4,Chaco,28.786656085255263,28.62166053842791
675,2017,1,Chaco,28.62166053842791,29.045524775453423
651,2017,2,Chaco,29.045524775453423,29.975925647657625
627,2017,3,Chaco,29.975925647657625,30.808158111236537
603,2017,4,Chaco,30.808158111236537,30.829927645702472
579,2018,1,Chaco,30.829927645702472,31.251704996034892
555,2018,2,Chaco,31.251704996034892,32.283100833077576
531,2018,3,Chaco,32.283100833077576,32.59096087632982
507,2018,4,Chaco,32.59096087632982,32.635876579429485
483,2019,1,Chaco,32.635876579429485,34.14026097986763
459,2019,2,Chaco,34.14026097986763,35.8460309754608
435,2019,3,Chaco,35.8460309754608,36.835478630342415
411,2019,4,Chaco,36.835478630342415,37.483833369172615
387,2020,1,Chaco,37.483833369172615,39.83250279006581
363,2020,2,Chaco,39.83250279006581,41.54192057806515
339,2020,3,Chaco,41.54192057806515,43.030788649779105
315,2020,4,Chaco,43.030788649779105,43.13649241708794
291,2021,1,Chaco,43.13649241708794,43.32762729293539
267,2021,2,Chaco,43.32762729293539,42.96241007967663
243,2021,3,Chaco,42.96241007967663,44.04856389025934
219,2021,4,Chaco,44.04856389025934,44.05948009941883
195,2022,1,Chaco,44.05948009941883,43.79
171,2022,2,Chaco,43.79,43.86
147,2022,3,Chaco,43.86,43.62
123,2022,4,Chaco,43.62,43.15
99,2023,1,Chaco,43.15,42.87
75,2023,2,Chaco,42.87,42.87
51,2023,3,Chaco,42.87,44.35
27,2023,4,Chaco,44.35,46.7
3,2024,1,Chaco,46.7,41.23521807972435
964,2014,1,Chubut,41.23521807972435,41.41020981991258
940,2014,2,Chubut,41.41020981991258,40.59867094427454
916,2014,3,Chubut,40.59867094427454,40.24927468450274
892,2014,4,Chubut,40.24927468450274,37.612780685907914
868,2015,1,Chubut,37.612780685907914,36.58246720458481
844,2015,2,Chubut,36.58246720458481,36.81180991463324
820,2015,3,Chubut,36.81180991463324,36.89017827786587
796,2015,4,Chubut,36.89017827786587,36.0927055378499
772,2016,1,Chubut,36.0927055378499,36.12438565556337
748,2016,2,Chubut,36.12438565556337,36.17869442878647
724,2016,3,Chubut,36.17869442878647,36.07290546427898
700,2016,4,Chubut,36.07290546427898,35.662220237763016
676,2017,1,Chubut,35.662220237763016,35.54601117914412
652,2017,2,Chubut,35.54601117914412,46.21537746651841
628,2017,3,Chubut,46.21537746651841,51.46309626749354
604,2017,4,Chubut,51.46309626749354,53.71560488248906
580,2018,1,Chubut,53.71560488248906,54.90230333735512
556,2018,2,Chubut,54.90230333735512,56.391745852269025
532,2018,3,Chubut,56.391745852269025,42.61093609604538
508,2018,4,Chubut,42.61093609604538,42.99773633717796
484,2019,1,Chubut,42.99773633717796,46.98798413626923
460,2019,2,Chubut,46.98798413626923,47.56624162293312
436,2019,3,Chubut,47.56624162293312,51.145017855147124
412,2019,4,Chubut,51.145017855147124,51.26848941909703
388,2020,1,Chubut,51.26848941909703,57.344613387235526
364,2020,2,Chubut,57.344613387235526,68.34389815720037
340,2020,3,Chubut,68.34389815720037,68.35189915825622
316,2020,4,Chubut,68.35189915825622,68.9942808881567
292,2021,1,Chubut,68.9942808881567,72.29410481936469
268,2021,2,Chubut,72.29410481936469,80.70973847657562
244,2021,3,Chubut,80.70973847657562,82.57340063871433
220,2021,4,Chubut,82.57340063871433,88.05274093835774
196,2022,1,Chubut,88.05274093835774,83.19
172,2022,2,Chubut,83.19,84.38
148,2022,3,Chubut,84.38,85.57
124,2022,4,Chubut,85.57,85.89
100,2023,1,Chubut,85.89,82.49
76,2023,2,Chubut,82.49,84.23
52,2023,3,Chubut,84.23,84.96
28,2023,4,Chubut,84.96,84.89
4,2024,1,Chubut,84.89,22.316716713838876
966,2014,1,Corrientes,22.316716713838876,22.575613003243586
942,2014,2,Corrientes,22.575613003243586,22.78753503515243
918,2014,3,Corrientes,22.78753503515243,23.56243099277512
894,2014,4,Corrientes,23.56243099277512,28.95019128190928
870,2015,1,Corrientes,28.95019128190928,29.584012668108493
846,2015,2,Corrientes,29.584012668108493,30.16741240901903
822,2015,3,Corrientes,30.16741240901903,30.33643144533882
798,2015,4,Corrientes,30.33643144533882,30.080785004133055
774,2016,1,Corrientes,30.080785004133055,30.580162046616557
750,2016,2,Corrientes,30.580162046616557,31.066878826051184
726,2016,3,Corrientes,31.066878826051184,30.98107037649768
702,2016,4,Corrientes,30.98107037649768,30.940600109644144
678,2017,1,Corrientes,30.940600109644144,31.38612136835505
654,2017,2,Corrientes,31.38612136835505,32.16543574593796
630,2017,3,Corrientes,32.16543574593796,32.51511831118755
606,2017,4,Corrientes,32.51511831118755,32.66346087317512
582,2018,1,Corrientes,32.66346087317512,33.80975390881165
558,2018,2,Corrientes,33.80975390881165,34.24993887383215
534,2018,3,Corrientes,34.24993887383215,34.56627656869549
510,2018,4,Corrientes,34.56627656869549,35.13498688698812
486,2019,1,Corrientes,35.13498688698812,38.15558588418795
462,2019,2,Corrientes,38.15558588418795,38.48535113586719
438,2019,3,Corrientes,38.48535113586719,38.767440989262106
414,2019,4,Corrientes,38.767440989262106,38.729079942230904
390,2020,1,Corrientes,38.729079942230904,40.30476267979574
366,2020,2,Corrientes,40.30476267979574,41.750749470464434
342,2020,3,Corrientes,41.750749470464434,42.42828394694903
318,2020,4,Corrientes,42.42828394694903,42.664128438821415
294,2021,1,Corrientes,42.664128438821415,43.5411637336848
270,2021,2,Corrientes,43.5411637336848,44.90088312664412
246,2021,3,Corrientes,44.90088312664412,45.51016102946347
222,2021,4,Corrientes,45.51016102946347,47.644635141502334
198,2022,1,Corrientes,47.644635141502334,48.35
174,2022,2,Corrientes,48.35,48.21
150,2022,3,Corrientes,48.21,51.64
126,2022,4,Corrientes,51.64,52.05
102,2023,1,Corrientes,52.05,52.37
78,2023,2,Corrientes,52.37,52.78
54,2023,3,Corrientes,52.78,52.56
30,2023,4,Corrientes,52.56,51.94
6,2024,1,Corrientes,51.94,52.517847544006315
965,2014,1,Córdoba,52.517847544006315,53.448126115625996
941,2014,2,Córdoba,53.448126115625996,54.23361028299935
917,2014,3,Córdoba,54.23361028299935,54.69689679332299
893,2014,4,Córdoba,54.69689679332299,54.69734650188214
869,2015,1,Córdoba,54.69734650188214,55.86916350781819
845,2015,2,Córdoba,55.86916350781819,57.08340378951846
821,2015,3,Córdoba,57.08340378951846,57.364881766079215
797,2015,4,Córdoba,57.364881766079215,55.283092783740216
773,2016,1,Córdoba,55.283092783740216,57.54798052828644
749,2016,2,Córdoba,57.54798052828644,58.24381625803197
725,2016,3,Córdoba,58.24381625803197,57.696719154378975
701,2016,4,Córdoba,57.696719154378975,57.65332959287443
677,2017,1,Córdoba,57.65332959287443,58.973528908003566
653,2017,2,Córdoba,58.973528908003566,62.30700225296333
629,2017,3,Córdoba,62.30700225296333,63.33262565207773
605,2017,4,Córdoba,63.33262565207773,63.51716965201617
581,2018,1,Córdoba,63.51716965201617,63.2743661231958
557,2018,2,Córdoba,63.2743661231958,64.24210026029336
533,2018,3,Córdoba,64.24210026029336,65.08926459112368
509,2018,4,Córdoba,65.08926459112368,65.5173840768055
485,2019,1,Córdoba,65.5173840768055,68.07130938789848
461,2019,2,Córdoba,68.07130938789848,68.59234901069021
437,2019,3,Córdoba,68.59234901069021,70.48295566244217
413,2019,4,Córdoba,70.48295566244217,70.6880744339108
389,2020,1,Córdoba,70.6880744339108,72.71358531242393
365,2020,2,Córdoba,72.71358531242393,75.22035723669207
341,2020,3,Córdoba,75.22035723669207,78.07960876338194
317,2020,4,Córdoba,78.07960876338194,78.59028062380018
293,2021,1,Córdoba,78.59028062380018,80.11518795931242
269,2021,2,Córdoba,80.11518795931242,81.2845665540848
245,2021,3,Córdoba,81.2845665540848,84.50941853046088
221,2021,4,Córdoba,84.50941853046088,85.75745356313551
197,2022,1,Córdoba,85.75745356313551,87.48
173,2022,2,Córdoba,87.48,88.31
149,2022,3,Córdoba,88.31,89.03
125,2022,4,Córdoba,89.03,88.84
101,2023,1,Córdoba,88.84,90.13
77,2023,2,Córdoba,90.13,90.05
53,2023,3,Córdoba,90.05,90.67
29,2023,4,Córdoba,90.67,90.7
5,2024,1,Córdoba,90.7,34.367121821250166
967,2014,1,Entre Ríos,34.367121821250166,34.687432371459764
943,2014,2,Entre Ríos,34.687432371459764,34.981647333712985
919,2014,3,Entre Ríos,34.981647333712985,36.0254708519679
895,2014,4,Entre Ríos,36.0254708519679,42.06519337351208
871,2015,1,Entre Ríos,42.06519337351208,42.93197901645878
847,2015,2,Entre Ríos,42.93197901645878,43.67718163526334
823,2015,3,Entre Ríos,43.67718163526334,44.10854807300098
799,2015,4,Entre Ríos,44.10854807300098,43.84596814466226
775,2016,1,Entre Ríos,43.84596814466226,44.73887454518738
751,2016,2,Entre Ríos,44.73887454518738,45.43514088447326
727,2016,3,Entre Ríos,45.43514088447326,45.208402854677
703,2016,4,Entre Ríos,45.208402854677,44.907273687041226
679,2017,1,Entre Ríos,44.907273687041226,45.38933102824724
655,2017,2,Entre Ríos,45.38933102824724,45.95812167017718
631,2017,3,Entre Ríos,45.95812167017718,47.885245293746834
607,2017,4,Entre Ríos,47.885245293746834,48.68120241785722
583,2018,1,Entre Ríos,48.68120241785722,49.20261187052838
559,2018,2,Entre Ríos,49.20261187052838,50.222013858377494
535,2018,3,Entre Ríos,50.222013858377494,54.37477348639939
511,2018,4,Entre Ríos,54.37477348639939,56.78815996169284
487,2019,1,Entre Ríos,56.78815996169284,57.47823458872391
463,2019,2,Entre Ríos,57.47823458872391,57.90009945796624
439,2019,3,Entre Ríos,57.90009945796624,57.99221691704514
415,2019,4,Entre Ríos,57.99221691704514,56.12006051437216
391,2020,1,Entre Ríos,56.12006051437216,56.538654739709614
367,2020,2,Entre Ríos,56.538654739709614,58.1901640924315
343,2020,3,Entre Ríos,58.1901640924315,59.47430676097378
319,2020,4,Entre Ríos,59.47430676097378,60.439449728342346
295,2021,1,Entre Ríos,60.439449728342346,61.660264464787886
271,2021,2,Entre Ríos,61.660264464787886,62.17940145385769
247,2021,3,Entre Ríos,62.17940145385769,63.155361436165784
223,2021,4,Entre Ríos,63.155361436165784,63.70090347123158
199,2022,1,Entre Ríos,63.70090347123158,63.9
175,2022,2,Entre Ríos,63.9,63.67
151,2022,3,Entre Ríos,63.67,64.01
127,2022,4,Entre Ríos,64.01,64.79
103,2023,1,Entre Ríos,64.79,64.43
79,2023,2,Entre Ríos,64.43,68.84
55,2023,3,Entre Ríos,68.84,69.94
31,2023,4,Entre Ríos,69.94,69.31
7,2024,1,Entre Ríos,69.31,17.418451079368708
968,2014,1,Formosa,17.418451079368708,17.54041175485166
944,2014,2,Formosa,17.54041175485166,17.771314831468263
920,2014,3,Formosa,17.771314831468263,17.956311361695214
896,2014,4,Formosa,17.956311361695214,18.12270367397183
872,2015,1,Formosa,18.12270367397183,18.36026720527858
848,2015,2,Formosa,18.36026720527858,18.836751773785252
824,2015,3,Formosa,18.836751773785252,19.06549151678632
800,2015,4,Formosa,19.06549151678632,19.041878369434937
776,2016,1,Formosa,19.041878369434937,19.370070664563997
752,2016,2,Formosa,19.370070664563997,18.639708302862847
728,2016,3,Formosa,18.639708302862847,19.84823607816392
704,2016,4,Formosa,19.84823607816392,19.842489178645863
680,2017,1,Formosa,19.842489178645863,19.965076445261992
656,2017,2,Formosa,19.965076445261992,21.350384380070757
632,2017,3,Formosa,21.350384380070757,21.270976689249718
608,2017,4,Formosa,21.270976689249718,21.404310259211442
584,2018,1,Formosa,21.404310259211442,29.434226520796997
560,2018,2,Formosa,29.434226520796997,29.576573428878444
536,2018,3,Formosa,29.576573428878444,29.73653915732
512,2018,4,Formosa,29.73653915732,29.677694630431926
488,2019,1,Formosa,29.677694630431926,30.418236006943307
464,2019,2,Formosa,30.418236006943307,30.11243299777749
440,2019,3,Formosa,30.11243299777749,30.471313480544048
416,2019,4,Formosa,30.471313480544048,30.228303962606848
392,2020,1,Formosa,30.228303962606848,31.1394362262631
368,2020,2,Formosa,31.1394362262631,31.905623310186538
344,2020,3,Formosa,31.905623310186538,32.487381907596735
320,2020,4,Formosa,32.487381907596735,32.732955756327215
296,2021,1,Formosa,32.732955756327215,33.22548419322613
272,2021,2,Formosa,33.22548419322613,33.962033540684324
248,2021,3,Formosa,33.962033540684324,34.4545746388443
224,2021,4,Formosa,34.4545746388443,34.955686995751336
200,2022,1,Formosa,34.955686995751336,43.42
176,2022,2,Formosa,43.42,43.76
152,2022,3,Formosa,43.76,39.41
128,2022,4,Formosa,39.41,38.79
104,2023,1,Formosa,38.79,38.32
80,2023,2,Formosa,38.32,38.86
56,2023,3,Formosa,38.86,39.23
32,2023,4,Formosa,39.23,39.61
8,2024,1,Formosa,39.61,18.41535244687765
969,2014,1,Jujuy,18.41535244687765,18.706060999413573
945,2014,2,Jujuy,18.706060999413573,18.368534215570367
921,2014,3,Jujuy,18.368534215570367,19.59941818052116
897,2014,4,Jujuy,19.59941818052116,19.68971363262363
873,2015,1,Jujuy,19.68971363262363,20.287219077594944
849,2015,2,Jujuy,20.287219077594944,21.2703333470887
825,2015,3,Jujuy,21.2703333470887,21.47147379391073
801,2015,4,Jujuy,21.47147379391073,21.41001128856396
777,2016,1,Jujuy,21.41001128856396,21.888281043576683
753,2016,2,Jujuy,21.888281043576683,22.605154265256864
729,2016,3,Jujuy,22.605154265256864,22.651387008241425
705,2016,4,Jujuy,22.651387008241425,22.756985962232346
681,2017,1,Jujuy,22.756985962232346,22.403415894624064
657,2017,2,Jujuy,22.403415894624064,22.64536299508256
633,2017,3,Jujuy,22.64536299508256,22.742083716267025
609,2017,4,Jujuy,22.742083716267025,23.121260875677535
585,2018,1,Jujuy,23.121260875677535,23.432202729854474
561,2018,2,Jujuy,23.432202729854474,23.263700137195517
537,2018,3,Jujuy,23.263700137195517,46.53226639132679
513,2018,4,Jujuy,46.53226639132679,46.40843874036665
489,2019,1,Jujuy,46.40843874036665,44.511922790626045
465,2019,2,Jujuy,44.511922790626045,44.322486842913605
441,2019,3,Jujuy,44.322486842913605,45.37754633175065
417,2019,4,Jujuy,45.37754633175065,46.670230639987786
393,2020,1,Jujuy,46.670230639987786,47.887810227872784
369,2020,2,Jujuy,47.887810227872784,54.04441923820905
345,2020,3,Jujuy,54.04441923820905,53.45659123390888
321,2020,4,Jujuy,53.45659123390888,55.63244789620541
297,2021,1,Jujuy,55.63244789620541,56.182157011467694
273,2021,2,Jujuy,56.182157011467694,55.6892647441935
249,2021,3,Jujuy,55.6892647441935,56.921070514870486
225,2021,4,Jujuy,56.921070514870486,58.06462866426784
201,2022,1,Jujuy,58.06462866426784,57.32
177,2022,2,Jujuy,57.32,58.91
153,2022,3,Jujuy,58.91,58.46
129,2022,4,Jujuy,58.46,58.2
105,2023,1,Jujuy,58.2,57.78
81,2023,2,Jujuy,57.78,57.61
57,2023,3,Jujuy,57.61,57.78
33,2023,4,Jujuy,57.78,57.65
9,2024,1,Jujuy,57.65,48.42532103828204
970,2014,1,La Pampa,48.42532103828204,49.70759616034458
946,2014,2,La Pampa,49.70759616034458,55.78120173850417
922,2014,3,La Pampa,55.78120173850417,51.273133452228585
898,2014,4,La Pampa,51.273133452228585,55.50803232733774
874,2015,1,La Pampa,55.50803232733774,56.70766522530004
850,2015,2,La Pampa,56.70766522530004,57.96395975091518
826,2015,3,La Pampa,57.96395975091518,58.75633720012275
802,2015,4,La Pampa,58.75633720012275,57.84086865504526
778,2016,1,La Pampa,57.84086865504526,60.43686025737927
754,2016,2,La Pampa,60.43686025737927,61.73178543650905
730,2016,3,La Pampa,61.73178543650905,63.016182768654026
706,2016,4,La Pampa,63.016182768654026,62.66928104575163
682,2017,1,La Pampa,62.66928104575163,63.49352648099681
658,2017,2,La Pampa,63.49352648099681,69.13993701142644
634,2017,3,La Pampa,69.13993701142644,71.04976106378558
610,2017,4,La Pampa,71.04976106378558,71.75163692275797
586,2018,1,La Pampa,71.75163692275797,71.04033787278055
562,2018,2,La Pampa,71.04033787278055,71.75023651844843
538,2018,3,La Pampa,71.75023651844843,73.49404828314209
514,2018,4,La Pampa,73.49404828314209,76.35457433780647
490,2019,1,La Pampa,76.35457433780647,77.08313750288404
466,2019,2,La Pampa,77.08313750288404,77.45269423291748
442,2019,3,La Pampa,77.45269423291748,76.92418969170417
418,2019,4,La Pampa,76.92418969170417,75.76678781291396
394,2020,1,La Pampa,75.76678781291396,76.10158288987562
370,2020,2,La Pampa,76.10158288987562,79.26447706670275
346,2020,3,La Pampa,79.26447706670275,81.76793248945148
322,2020,4,La Pampa,81.76793248945148,81.77676345752207
298,2021,1,La Pampa,81.77676345752207,82.08000672325404
274,2021,2,La Pampa,82.08000672325404,84.27996309653611
250,2021,3,La Pampa,84.27996309653611,89.56734270241313
226,2021,4,La Pampa,89.56734270241313,91.66332531408715
202,2022,1,La Pampa,91.66332531408715,92.98
178,2022,2,La Pampa,92.98,96.59
154,2022,3,La Pampa,96.59,94.8
130,2022,4,La Pampa,94.8,96.55
106,2023,1,La Pampa,96.55,98.35
82,2023,2,La Pampa,98.35,99.0
58,2023,3,La Pampa,99.0,99.96
34,2023,4,La Pampa,99.96,100.49
10,2024,1,La Pampa,100.49,16.294104815837528
971,2014,1,La Rioja,16.294104815837528,16.502564816345664
947,2014,2,La Rioja,16.502564816345664,16.50671327406722
923,2014,3,La Rioja,16.50671327406722,17.01075088723615
899,2014,4,La Rioja,17.01075088723615,16.703201787413843
875,2015,1,La Rioja,16.703201787413843,16.883190981963825
851,2015,2,La Rioja,16.883190981963825,17.151129442032545
827,2015,3,La Rioja,17.151129442032545,17.315778648410653
803,2015,4,La Rioja,17.315778648410653,16.83351837249417
779,2016,1,La Rioja,16.83351837249417,16.878902611111524
755,2016,2,La Rioja,16.878902611111524,17.074559106484113
731,2016,3,La Rioja,17.074559106484113,16.45531638401623
707,2016,4,La Rioja,16.45531638401623,16.19552414605418
683,2017,1,La Rioja,16.19552414605418,16.203445806143563
659,2017,2,La Rioja,16.203445806143563,51.46525230494696
635,2017,3,La Rioja,51.46525230494696,51.56847440546175
611,2017,4,La Rioja,51.56847440546175,51.44351011244806
587,2018,1,La Rioja,51.44351011244806,50.97789073923241
563,2018,2,La Rioja,50.97789073923241,50.73304318059562
539,2018,3,La Rioja,50.73304318059562,50.347993917417234
515,2018,4,La Rioja,50.347993917417234,50.184587883262736
491,2019,1,La Rioja,50.184587883262736,48.704939144243156
467,2019,2,La Rioja,48.704939144243156,47.94290512174643
443,2019,3,La Rioja,47.94290512174643,47.13589011052434
419,2019,4,La Rioja,47.13589011052434,46.346631384166976
395,2020,1,La Rioja,46.346631384166976,49.83993501839552
371,2020,2,La Rioja,49.83993501839552,50.118113236302676
347,2020,3,La Rioja,50.118113236302676,50.11061211701148
323,2020,4,La Rioja,50.11061211701148,49.80693519079345
299,2021,1,La Rioja,49.80693519079345,76.9786615851933
275,2021,2,La Rioja,76.9786615851933,77.26016061386845
251,2021,3,La Rioja,77.26016061386845,77.9234900964576
227,2021,4,La Rioja,77.9234900964576,78.77459866564503
203,2022,1,La Rioja,78.77459866564503,80.14
179,2022,2,La Rioja,80.14,80.66
155,2022,3,La Rioja,80.66,79.86
131,2022,4,La Rioja,79.86,79.74
107,2023,1,La Rioja,79.74,80.01
83,2023,2,La Rioja,80.01,80.44
59,2023,3,La Rioja,80.44,80.22
35,2023,4,La Rioja,80.22,80.03
11,2024,1,La Rioja,80.03,31.91312298660578
972,2014,1,Mendoza,31.91312298660578,32.098238150241194
948,2014,2,Mendoza,32.098238150241194,32.313179561655694
924,2014,3,Mendoza,32.313179561655694,32.63838187615034
900,2014,4,Mendoza,32.63838187615034,32.36588756051825
876,2015,1,Mendoza,32.36588756051825,32.49199583186653
852,2015,2,Mendoza,32.49199583186653,32.49199583186653
828,2015,3,Mendoza,32.49199583186653,32.48895249500142
804,2015,4,Mendoza,32.48895249500142,32.12333888801278
780,2016,1,Mendoza,32.12333888801278,32.12597179442594
756,2016,2,Mendoza,32.12597179442594,32.08835884566649
732,2016,3,Mendoza,32.08835884566649,32.10735338479002
708,2016,4,Mendoza,32.10735338479002,31.843012770179662
684,2017,1,Mendoza,31.843012770179662,31.75860536139077
660,2017,2,Mendoza,31.75860536139077,35.70493177720565
636,2017,3,Mendoza,35.70493177720565,33.32562553415048
612,2017,4,Mendoza,33.32562553415048,37.07215110240331
588,2018,1,Mendoza,37.07215110240331,36.97287272406129
564,2018,2,Mendoza,36.97287272406129,37.990597267996215
540,2018,3,Mendoza,37.990597267996215,37.757783845911696
516,2018,4,Mendoza,37.757783845911696,37.657164970282864
492,2019,1,Mendoza,37.657164970282864,40.754624235362655
468,2019,2,Mendoza,40.754624235362655,40.73714258735342
444,2019,3,Mendoza,40.73714258735342,33.64903072027183
420,2019,4,Mendoza,33.64903072027183,33.14207670017271
396,2020,1,Mendoza,33.14207670017271,36.25224342110005
372,2020,2,Mendoza,36.25224342110005,37.348633137232696
348,2020,3,Mendoza,37.348633137232696,38.62957896227819
324,2020,4,Mendoza,38.62957896227819,39.153661528996416
300,2021,1,Mendoza,39.153661528996416,40.97324182617088
276,2021,2,Mendoza,40.97324182617088,45.54828468056102
252,2021,3,Mendoza,45.54828468056102,47.505317090317746
228,2021,4,Mendoza,47.505317090317746,48.73524093558345
204,2022,1,Mendoza,48.73524093558345,49.39
180,2022,2,Mendoza,49.39,51.03
156,2022,3,Mendoza,51.03,51.36
132,2022,4,Mendoza,51.36,51.4
108,2023,1,Mendoza,51.4,52.09
84,2023,2,Mendoza,52.09,52.03
60,2023,3,Mendoza,52.03,52.15
36,2023,4,Mendoza,52.15,52.59
12,2024,1,Mendoza,52.59,23.13653864847733
973,2014,1,Misiones,23.13653864847733,23.367747601299843
949,2014,2,Misiones,23.367747601299843,23.567356954345527
925,2014,3,Misiones,23.567356954345527,24.162430605588312
901,2014,4,Misiones,24.162430605588312,26.305604105190643
877,2015,1,Misiones,26.305604105190643,27.34768244882168
853,2015,2,Misiones,27.34768244882168,28.306345093436885
829,2015,3,Misiones,28.306345093436885,28.686658891542372
805,2015,4,Misiones,28.686658891542372,28.36765259095629
781,2016,1,Misiones,28.36765259095629,29.239512823021975
757,2016,2,Misiones,29.239512823021975,29.905385775898186
733,2016,3,Misiones,29.905385775898186,29.720149807797423
709,2016,4,Misiones,29.720149807797423,29.522202363131044
685,2017,1,Misiones,29.522202363131044,30.089248025085933
661,2017,2,Misiones,30.089248025085933,30.205990933031902
637,2017,3,Misiones,30.205990933031902,31.14218485379854
613,2017,4,Misiones,31.14218485379854,30.95673588446963
589,2018,1,Misiones,30.95673588446963,31.630907682221824
565,2018,2,Misiones,31.630907682221824,32.10366641805902
541,2018,3,Misiones,32.10366641805902,34.4507488777944
517,2018,4,Misiones,34.4507488777944,36.25716826552349
493,2019,1,Misiones,36.25716826552349,39.14612554169944
469,2019,2,Misiones,39.14612554169944,39.33292986744382
445,2019,3,Misiones,39.33292986744382,39.78923684048622
421,2019,4,Misiones,39.78923684048622,39.01834755171205
397,2020,1,Misiones,39.01834755171205,40.88779600969606
373,2020,2,Misiones,40.88779600969606,41.60448628544863
349,2020,3,Misiones,41.60448628544863,42.64411416119227
325,2020,4,Misiones,42.64411416119227,43.172438905971845
301,2021,1,Misiones,43.172438905971845,45.0128113119994
277,2021,2,Misiones,45.0128113119994,45.57065365808786
253,2021,3,Misiones,45.57065365808786,49.06462073058497
229,2021,4,Misiones,49.06462073058497,49.04334199772953
205,2022,1,Misiones,49.04334199772953,51.0
181,2022,2,Misiones,51.0,51.82
157,2022,3,Misiones,51.82,52.85
133,2022,4,Misiones,52.85,53.97
109,2023,1,Misiones,53.97,55.18
85,2023,2,Misiones,55.18,55.51
61,2023,3,Misiones,55.51,56.27
37,2023,4,Misiones,56.27,56.76
13,2024,1,Misiones,56.76,49.79160519138556
974,2014,1,Neuquén,49.79160519138556,50.84274905844866
950,2014,2,Neuquén,50.84274905844866,56.39541102706976
926,2014,3,Neuquén,56.39541102706976,52.554989697249574
902,2014,4,Neuquén,52.554989697249574,51.95443673810251
878,2015,1,Neuquén,51.95443673810251,53.117336593231435
854,2015,2,Neuquén,53.117336593231435,54.59931489671118
830,2015,3,Neuquén,54.59931489671118,58.2893377687955
806,2015,4,Neuquén,58.2893377687955,55.75393700425406
782,2016,1,Neuquén,55.75393700425406,59.098285533662036
758,2016,2,Neuquén,59.098285533662036,60.21485088853954
734,2016,3,Neuquén,60.21485088853954,60.873667228199054
710,2016,4,Neuquén,60.873667228199054,61.02302006782746
686,2017,1,Neuquén,61.02302006782746,61.91013427666159
662,2017,2,Neuquén,61.91013427666159,60.8304131050389
638,2017,3,Neuquén,60.8304131050389,61.24232317785096
614,2017,4,Neuquén,61.24232317785096,61.517390351563726
590,2018,1,Neuquén,61.517390351563726,60.23679161402031
566,2018,2,Neuquén,60.23679161402031,60.48661674396911
542,2018,3,Neuquén,60.48661674396911,59.06916926636779
518,2018,4,Neuquén,59.06916926636779,58.87800433437489
494,2019,1,Neuquén,58.87800433437489,63.080964327674394
470,2019,2,Neuquén,63.080964327674394,64.13887269491578
446,2019,3,Neuquén,64.13887269491578,59.35590092822445
422,2019,4,Neuquén,59.35590092822445,61.84749362355069
398,2020,1,Neuquén,61.84749362355069,63.898469033764314
374,2020,2,Neuquén,63.898469033764314,65.24417025530218
350,2020,3,Neuquén,65.24417025530218,67.00234522048092
326,2020,4,Neuquén,67.00234522048092,66.84208942045272
302,2021,1,Neuquén,66.84208942045272,69.14021084638621
278,2021,2,Neuquén,69.14021084638621,69.70653344501615
254,2021,3,Neuquén,69.70653344501615,73.30016254020012
230,2021,4,Neuquén,73.30016254020012,74.17305509992715
206,2022,1,Neuquén,74.17305509992715,80.02
182,2022,2,Neuquén,80.02,80.37
158,2022,3,Neuquén,80.37,78.67
134,2022,4,Neuquén,78.67,78.55
110,2023,1,Neuquén,78.55,78.97
86,2023,2,Neuquén,78.97,79.97
62,2023,3,Neuquén,79.97,79.91
38,2023,4,Neuquén,79.91,79.5
14,2024,1,Neuquén,79.5,44.913957131788514
975,2014,1,Río Negro,44.913957131788514,45.33491032014632
951,2014,2,Río Negro,45.33491032014632,46.196187157830146
927,2014,3,Río Negro,46.196187157830146,45.47806275120403
903,2014,4,Río Negro,45.47806275120403,45.32694907202778
879,2015,1,Río Negro,45.32694907202778,45.97612013432327
855,2015,2,Río Negro,45.97612013432327,46.389186656745146
831,2015,3,Río Negro,46.389186656745146,46.43948111494307
807,2015,4,Río Negro,46.43948111494307,45.83512638708331
783,2016,1,Río Negro,45.83512638708331,46.240113078127436
759,2016,2,Río Negro,46.240113078127436,46.38796536215942
735,2016,3,Río Negro,46.38796536215942,46.38521035065572
711,2016,4,Río Negro,46.38521035065572,46.02953874119518
687,2017,1,Río Negro,46.02953874119518,46.02080512293318
663,2017,2,Río Negro,46.02080512293318,48.518658939500625
639,2017,3,Río Negro,48.518658939500625,49.37562976824529
615,2017,4,Río Negro,49.37562976824529,49.816861312232405
591,2018,1,Río Negro,49.816861312232405,50.147894623963396
567,2018,2,Río Negro,50.147894623963396,50.54264808703746
543,2018,3,Río Negro,50.54264808703746,51.86140345426057
519,2018,4,Río Negro,51.86140345426057,53.57164978100252
495,2019,1,Río Negro,53.57164978100252,61.0942074999118
471,2019,2,Río Negro,61.0942074999118,63.42470088700958
447,2019,3,Río Negro,63.42470088700958,55.70500968287489
423,2019,4,Río Negro,55.70500968287489,55.11566865962362
399,2020,1,Río Negro,55.11566865962362,56.369335248791955
375,2020,2,Río Negro,56.369335248791955,57.052405915845014
351,2020,3,Río Negro,57.052405915845014,61.088615480454756
327,2020,4,Río Negro,61.088615480454756,60.87924030325769
303,2021,1,Río Negro,60.87924030325769,61.94204057417748
279,2021,2,Río Negro,61.94204057417748,61.967213114754095
255,2021,3,Río Negro,61.967213114754095,65.69489961160652
231,2021,4,Río Negro,65.69489961160652,67.03640754987029
207,2022,1,Río Negro,67.03640754987029,67.85
183,2022,2,Río Negro,67.85,67.98
159,2022,3,Río Negro,67.98,68.42
135,2022,4,Río Negro,68.42,69.16
111,2023,1,Río Negro,69.16,68.56
87,2023,2,Río Negro,68.56,68.4
63,2023,3,Río Negro,68.4,70.26
39,2023,4,Río Negro,70.26,71.14
15,2024,1,Río Negro,71.14,28.699559509630678
976,2014,1,Salta,28.699559509630678,28.914594000862877
952,2014,2,Salta,28.914594000862877,29.2226843537979
928,2014,3,Salta,29.2226843537979,29.534861619577978
904,2014,4,Salta,29.534861619577978,30.00978823344275
880,2015,1,Salta,30.00978823344275,30.46112384270092
856,2015,2,Salta,30.46112384270092,31.175945212858434
832,2015,3,Salta,31.175945212858434,31.593492648071866
808,2015,4,Salta,31.593492648071866,31.315545971153234
784,2016,1,Salta,31.315545971153234,32.08172602508202
760,2016,2,Salta,32.08172602508202,32.95583168118035
736,2016,3,Salta,32.95583168118035,32.69411973937546
712,2016,4,Salta,32.69411973937546,32.57548931482305
688,2017,1,Salta,32.57548931482305,32.739420263626215
664,2017,2,Salta,32.739420263626215,39.839700806907416
640,2017,3,Salta,39.839700806907416,39.79624247145896
616,2017,4,Salta,39.79624247145896,39.775591632918804
592,2018,1,Salta,39.775591632918804,39.93719209989731
568,2018,2,Salta,39.93719209989731,39.42741342068409
544,2018,3,Salta,39.42741342068409,39.801610069738146
520,2018,4,Salta,39.801610069738146,40.09834441771615
496,2019,1,Salta,40.09834441771615,41.89319832036978
472,2019,2,Salta,41.89319832036978,44.47617792228716
448,2019,3,Salta,44.47617792228716,50.35463892238824
424,2019,4,Salta,50.35463892238824,49.59568027012866
400,2020,1,Salta,49.59568027012866,51.58158335340357
376,2020,2,Salta,51.58158335340357,52.31571212848803
352,2020,3,Salta,52.31571212848803,54.04275200147659
328,2020,4,Salta,54.04275200147659,53.93001926339093
304,2021,1,Salta,53.93001926339093,54.930090174788894
280,2021,2,Salta,54.930090174788894,55.964278059584196
256,2021,3,Salta,55.964278059584196,56.81442605762217
232,2021,4,Salta,56.81442605762217,56.10759340849759
208,2022,1,Salta,56.10759340849759,57.54
184,2022,2,Salta,57.54,57.76
160,2022,3,Salta,57.76,57.96
136,2022,4,Salta,57.96,57.67
112,2023,1,Salta,57.67,57.48
88,2023,2,Salta,57.48,57.57
64,2023,3,Salta,57.57,56.98
40,2023,4,Salta,56.98,56.3
16,2024,1,Salta,56.3,27.59549302299609
977,2014,1,San Juan,27.59549302299609,27.782697817958912
953,2014,2,San Juan,27.782697817958912,27.854244478102746
929,2014,3,San Juan,27.854244478102746,28.037145714560673
905,2014,4,San Juan,28.037145714560673,27.553192759766446
881,2015,1,San Juan,27.553192759766446,27.64305342045848
857,2015,2,San Juan,27.64305342045848,27.66538565566005
833,2015,3,San Juan,27.66538565566005,27.6648539357743
809,2015,4,San Juan,27.6648539357743,27.330794110004312
785,2016,1,San Juan,27.330794110004312,27.34078151409113
761,2016,2,San Juan,27.34078151409113,27.31712713599077
737,2016,3,San Juan,27.31712713599077,27.292421452197058
713,2016,4,San Juan,27.292421452197058,27.03676098842391
689,2017,1,San Juan,27.03676098842391,26.96461612024698
665,2017,2,San Juan,26.96461612024698,32.36688935995978
641,2017,3,San Juan,32.36688935995978,30.29992919128174
617,2017,4,San Juan,30.29992919128174,32.60917745169287
593,2018,1,San Juan,32.60917745169287,32.94664884868421
569,2018,2,San Juan,32.94664884868421,33.05141650392377
545,2018,3,San Juan,33.05141650392377,31.89625207025579
521,2018,4,San Juan,31.89625207025579,31.833058053465464
497,2019,1,San Juan,31.833058053465464,35.59971733748176
473,2019,2,San Juan,35.59971733748176,37.06231303554226
449,2019,3,San Juan,37.06231303554226,32.85497572815534
425,2019,4,San Juan,32.85497572815534,32.392292136304725
401,2020,1,San Juan,32.392292136304725,35.09485776365026
377,2020,2,San Juan,35.09485776365026,38.78995525412846
353,2020,3,San Juan,38.78995525412846,36.32088215575813
329,2020,4,San Juan,36.32088215575813,39.055194335357605
305,2021,1,San Juan,39.055194335357605,39.28402570062062
281,2021,2,San Juan,39.28402570062062,39.4554480019856
257,2021,3,San Juan,39.4554480019856,39.588851864871685
233,2021,4,San Juan,39.588851864871685,43.54598160933163
209,2022,1,San Juan,43.54598160933163,49.46
185,2022,2,San Juan,49.46,50.8
161,2022,3,San Juan,50.8,50.88
137,2022,4,San Juan,50.88,49.75
113,2023,1,San Juan,49.75,47.52
89,2023,2,San Juan,47.52,50.45
65,2023,3,San Juan,50.45,50.08
41,2023,4,San Juan,50.08,51.62
17,2024,1,San Juan,51.62,9.347207842190002
978,2014,1,San Luis,9.347207842190002,9.717910199871824
954,2014,2,San Luis,9.717910199871824,9.711210759672754
930,2014,3,San Luis,9.711210759672754,9.786393366351197
906,2014,4,San Luis,9.786393366351197,9.716048963760594
882,2015,1,San Luis,9.716048963760594,9.707971837203658
858,2015,2,San Luis,9.707971837203658,9.70650326873876
834,2015,3,San Luis,9.70650326873876,9.705768984506312
810,2015,4,San Luis,9.705768984506312,9.586346282770212
786,2016,1,San Luis,9.586346282770212,9.603733851602321
762,2016,2,San Luis,9.603733851602321,9.630539686885157
738,2016,3,San Luis,9.630539686885157,9.640682435370556
714,2016,4,San Luis,9.640682435370556,9.545500193678896
690,2017,1,San Luis,9.545500193678896,9.513970314868304
666,2017,2,San Luis,9.513970314868304,15.477861790298098
642,2017,3,San Luis,15.477861790298098,10.586731069754228
618,2017,4,San Luis,10.586731069754228,15.14879034827491
594,2018,1,San Luis,15.14879034827491,15.150424491351385
570,2018,2,San Luis,15.150424491351385,52.35311497551916
546,2018,3,San Luis,52.35311497551916,67.55045369760039
522,2018,4,San Luis,67.55045369760039,67.3379373977716
498,2019,1,San Luis,67.3379373977716,81.789994425864
474,2019,2,San Luis,81.789994425864,85.22608876849344
450,2019,3,San Luis,85.22608876849344,74.92002603481464
426,2019,4,San Luis,74.92002603481464,76.30854184641933
402,2020,1,San Luis,76.30854184641933,78.4096773527651
378,2020,2,San Luis,78.4096773527651,79.96172209417188
354,2020,3,San Luis,79.96172209417188,81.67947806105701
330,2020,4,San Luis,81.67947806105701,81.23730177127507
306,2021,1,San Luis,81.23730177127507,83.47810720063075
282,2021,2,San Luis,83.47810720063075,79.87043349212911
258,2021,3,San Luis,79.87043349212911,80.29578283135379
234,2021,4,San Luis,80.29578283135379,80.72423060601774
210,2022,1,San Luis,80.72423060601774,81.76
186,2022,2,San Luis,81.76,81.74
162,2022,3,San Luis,81.74,90.27
138,2022,4,San Luis,90.27,90.17
114,2023,1,San Luis,90.17,93.41
90,2023,2,San Luis,93.41,98.55
66,2023,3,San Luis,98.55,102.07
42,2023,4,San Luis,102.07,102.7
18,2024,1,San Luis,102.7,28.939093063577776
979,2014,1,Santa Cruz,28.939093063577776,29.377007153054272
955,2014,2,Santa Cruz,29.377007153054272,28.231942904274984
931,2014,3,Santa Cruz,28.231942904274984,27.802678969652344
907,2014,4,Santa Cruz,27.802678969652344,27.994863943494483
883,2015,1,Santa Cruz,27.994863943494483,27.072245027448233
859,2015,2,Santa Cruz,27.072245027448233,27.606060983429437
835,2015,3,Santa Cruz,27.606060983429437,27.74476906647967
811,2015,4,Santa Cruz,27.74476906647967,26.865862521449994
787,2016,1,Santa Cruz,26.865862521449994,26.728911725319804
763,2016,2,Santa Cruz,26.728911725319804,26.835201895450698
739,2016,3,Santa Cruz,26.835201895450698,27.04676021484584
715,2016,4,Santa Cruz,27.04676021484584,26.52499173785465
691,2017,1,Santa Cruz,26.52499173785465,26.248619828709554
667,2017,2,Santa Cruz,26.248619828709554,33.29182971658959
643,2017,3,Santa Cruz,33.29182971658959,28.912492882806827
619,2017,4,Santa Cruz,28.912492882806827,33.55275989857616
595,2018,1,Santa Cruz,33.55275989857616,33.33236451006607
571,2018,2,Santa Cruz,33.33236451006607,32.72785029455932
547,2018,3,Santa Cruz,32.72785029455932,23.68919410065612
523,2018,4,Santa Cruz,23.68919410065612,23.66765499676892
499,2019,1,Santa Cruz,23.66765499676892,28.846063055322123
475,2019,2,Santa Cruz,28.846063055322123,35.62816097885956
451,2019,3,Santa Cruz,35.62816097885956,36.71136308535834
427,2019,4,Santa Cruz,36.71136308535834,35.97427628896549
403,2020,1,Santa Cruz,35.97427628896549,35.79262396979603
379,2020,2,Santa Cruz,35.79262396979603,35.95152890784452
355,2020,3,Santa Cruz,35.95152890784452,36.99957245908797
331,2020,4,Santa Cruz,36.99957245908797,41.64783103990742
307,2021,1,Santa Cruz,41.64783103990742,44.01491665543425
283,2021,2,Santa Cruz,44.01491665543425,43.74732028012005
259,2021,3,Santa Cruz,43.74732028012005,43.05121466117346
235,2021,4,Santa Cruz,43.05121466117346,43.33842311053054
211,2022,1,Santa Cruz,43.33842311053054,43.15
187,2022,2,Santa Cruz,43.15,43.19
163,2022,3,Santa Cruz,43.19,43.53
139,2022,4,Santa Cruz,43.53,43.42
115,2023,1,Santa Cruz,43.42,41.66
91,2023,2,Santa Cruz,41.66,40.89
67,2023,3,Santa Cruz,40.89,73.75
43,2023,4,Santa Cruz,73.75,67.58
19,2024,1,Santa Cruz,67.58,47.84766256547095
980,2014,1,Santa Fe,47.84766256547095,48.39035138670138
956,2014,2,Santa Fe,48.39035138670138,49.19588444557267
932,2014,3,Santa Fe,49.19588444557267,49.999623023482705
908,2014,4,Santa Fe,49.999623023482705,50.24449475931921
884,2015,1,Santa Fe,50.24449475931921,51.17653890867876
860,2015,2,Santa Fe,51.17653890867876,52.14595474084349
836,2015,3,Santa Fe,52.14595474084349,52.60808978585806
812,2015,4,Santa Fe,52.60808978585806,51.27734085407622
788,2016,1,Santa Fe,51.27734085407622,52.436477259371124
764,2016,2,Santa Fe,52.436477259371124,52.67215036886248
740,2016,3,Santa Fe,52.67215036886248,52.19105023718895
716,2016,4,Santa Fe,52.19105023718895,51.970107692080425
692,2017,1,Santa Fe,51.970107692080425,52.26961123969867
668,2017,2,Santa Fe,52.26961123969867,60.90635563451515
644,2017,3,Santa Fe,60.90635563451515,61.7127712196729
620,2017,4,Santa Fe,61.7127712196729,62.28199844300957
596,2018,1,Santa Fe,62.28199844300957,62.57079239957442
572,2018,2,Santa Fe,62.57079239957442,63.4096146162309
548,2018,3,Santa Fe,63.4096146162309,65.58706886191564
524,2018,4,Santa Fe,65.58706886191564,66.97409094791476
500,2019,1,Santa Fe,66.97409094791476,67.42291993321949
476,2019,2,Santa Fe,67.42291993321949,68.87178057593026
452,2019,3,Santa Fe,68.87178057593026,69.48235725596862
428,2019,4,Santa Fe,69.48235725596862,69.52357940253133
404,2020,1,Santa Fe,69.52357940253133,70.002168637187
380,2020,2,Santa Fe,70.002168637187,72.12060247348236
356,2020,3,Santa Fe,72.12060247348236,73.58073807267776
332,2020,4,Santa Fe,73.58073807267776,73.91656407026184
308,2021,1,Santa Fe,73.91656407026184,75.06878626293008
284,2021,2,Santa Fe,75.06878626293008,75.01704762728227
260,2021,3,Santa Fe,75.01704762728227,77.08920179439227
236,2021,4,Santa Fe,77.08920179439227,77.30458474758402
212,2022,1,Santa Fe,77.30458474758402,77.9
188,2022,2,Santa Fe,77.9,78.55
164,2022,3,Santa Fe,78.55,78.4
140,2022,4,Santa Fe,78.4,78.13
116,2023,1,Santa Fe,78.13,78.83
92,2023,2,Santa Fe,78.83,79.09
68,2023,3,Santa Fe,79.09,79.75
44,2023,4,Santa Fe,79.75,80.4
20,2024,1,Santa Fe,80.4,16.309923503967603
981,2014,1,Santiago Del Estero,16.309923503967603,16.695567347354444
957,2014,2,Santiago Del Estero,16.695567347354444,16.49220390830193
933,2014,3,Santiago Del Estero,16.49220390830193,17.26920158364512
909,2014,4,Santiago Del Estero,17.26920158364512,17.0558169911586
885,2015,1,Santiago Del Estero,17.0558169911586,17.110566632982863
861,2015,2,Santiago Del Estero,17.110566632982863,17.11882253135319
837,2015,3,Santiago Del Estero,17.11882253135319,17.00497803803607
813,2015,4,Santiago Del Estero,17.00497803803607,16.205749206821952
789,2016,1,Santiago Del Estero,16.205749206821952,15.888925047306124
765,2016,2,Santiago Del Estero,15.888925047306124,15.329646578472886
741,2016,3,Santiago Del Estero,15.329646578472886,15.067847510433346
717,2016,4,Santiago Del Estero,15.067847510433346,14.702119493368587
693,2017,1,Santiago Del Estero,14.702119493368587,14.118988073971998
669,2017,2,Santiago Del Estero,14.118988073971998,35.12104488438485
645,2017,3,Santiago Del Estero,35.12104488438485,29.126386109501063
621,2017,4,Santiago Del Estero,29.126386109501063,34.9882694482421
597,2018,1,Santiago Del Estero,34.9882694482421,35.256464211164236
573,2018,2,Santiago Del Estero,35.256464211164236,36.24961697805127
549,2018,3,Santiago Del Estero,36.24961697805127,37.40072595129344
525,2018,4,Santiago Del Estero,37.40072595129344,37.519416746003905
501,2019,1,Santiago Del Estero,37.519416746003905,52.78997126317105
477,2019,2,Santiago Del Estero,52.78997126317105,55.30391146854541
453,2019,3,Santiago Del Estero,55.30391146854541,42.92077382358182
429,2019,4,Santiago Del Estero,42.92077382358182,42.466359187991806
405,2020,1,Santiago Del Estero,42.466359187991806,43.46716682468362
381,2020,2,Santiago Del Estero,43.46716682468362,43.37593131691913
357,2020,3,Santiago Del Estero,43.37593131691913,43.749256620689934
333,2020,4,Santiago Del Estero,43.749256620689934,45.67308282365455
309,2021,1,Santiago Del Estero,45.67308282365455,46.557275364921054
285,2021,2,Santiago Del Estero,46.557275364921054,47.0
261,2021,3,Santiago Del Estero,47.0,47.0459491943867
237,2021,4,Santiago Del Estero,47.0459491943867,47.17273839324049
213,2022,1,Santiago Del Estero,47.17273839324049,47.7
189,2022,2,Santiago Del Estero,47.7,47.98
165,2022,3,Santiago Del Estero,47.98,48.05
141,2022,4,Santiago Del Estero,48.05,47.55
117,2023,1,Santiago Del Estero,47.55,47.14
93,2023,2,Santiago Del Estero,47.14,48.67
69,2023,3,Santiago Del Estero,48.67,49.08
45,2023,4,Santiago Del Estero,49.08,49.41
21,2024,1,Santiago Del Estero,49.41,63.965925574153744
982,2014,1,Tierra Del Fuego,63.965925574153744,64.35604517159936
958,2014,2,Tierra Del Fuego,64.35604517159936,65.68610204476191
934,2014,3,Tierra Del Fuego,65.68610204476191,66.13781947338316
910,2014,4,Tierra Del Fuego,66.13781947338316,74.23495170010268
886,2015,1,Tierra Del Fuego,74.23495170010268,74.50787431664719
862,2015,2,Tierra Del Fuego,74.50787431664719,74.85845784033849
838,2015,3,Tierra Del Fuego,74.85845784033849,66.46220433623792
814,2015,4,Tierra Del Fuego,66.46220433623792,65.83304163135006
790,2016,1,Tierra Del Fuego,65.83304163135006,67.71824288255286
766,2016,2,Tierra Del Fuego,67.71824288255286,68.94049249100736
742,2016,3,Tierra Del Fuego,68.94049249100736,70.30526590539473
718,2016,4,Tierra Del Fuego,70.30526590539473,68.91974851288131
694,2017,1,Tierra Del Fuego,68.91974851288131,68.46322075955756
670,2017,2,Tierra Del Fuego,68.46322075955756,65.74180473434595
646,2017,3,Tierra Del Fuego,65.74180473434595,59.89413596263622
622,2017,4,Tierra Del Fuego,59.89413596263622,65.19963702359347
598,2018,1,Tierra Del Fuego,65.19963702359347,91.60519629538562
574,2018,2,Tierra Del Fuego,91.60519629538562,92.77191839394062
550,2018,3,Tierra Del Fuego,92.77191839394062,93.59257086207943
526,2018,4,Tierra Del Fuego,93.59257086207943,93.37581922721242
502,2019,1,Tierra Del Fuego,93.37581922721242,94.79803428023493
478,2019,2,Tierra Del Fuego,94.79803428023493,96.46210963092378
454,2019,3,Tierra Del Fuego,96.46210963092378,79.69536136377089
430,2019,4,Tierra Del Fuego,79.69536136377089,76.06964979018785
406,2020,1,Tierra Del Fuego,76.06964979018785,76.36948260742473
382,2020,2,Tierra Del Fuego,76.36948260742473,76.80909583946696
358,2020,3,Tierra Del Fuego,76.80909583946696,76.26583496977399
334,2020,4,Tierra Del Fuego,76.26583496977399,77.34935609177366
310,2021,1,Tierra Del Fuego,77.34935609177366,67.88580775229184
286,2021,2,Tierra Del Fuego,67.88580775229184,94.95386825985027
262,2021,3,Tierra Del Fuego,94.95386825985027,98.40061644865433
238,2021,4,Tierra Del Fuego,98.40061644865433,98.29055038672794
214,2022,1,Tierra Del Fuego,98.29055038672794,99.86
190,2022,2,Tierra Del Fuego,99.86,99.51
166,2022,3,Tierra Del Fuego,99.51,101.44
142,2022,4,Tierra Del Fuego,101.44,104.23
118,2023,1,Tierra Del Fuego,104.23,106.38
94,2023,2,Tierra Del Fuego,106.38,105.95
70,2023,3,Tierra Del Fuego,105.95,110.49
46,2023,4,Tierra Del Fuego,110.49,109.78
22,2024,1,Tierra Del Fuego,109.78,33.4209747934719
983,2014,1,Tucumán,33.4209747934719,33.94452688568229
959,2014,2,Tucumán,33.94452688568229,33.94375582221807
935,2014,3,Tucumán,33.94375582221807,35.32087516932818
911,2014,4,Tucumán,35.32087516932818,35.07860688538978
887,2015,1,Tucumán,35.07860688538978,35.68770560918727
863,2015,2,Tucumán,35.68770560918727,36.61035952774264
839,2015,3,Tucumán,36.61035952774264,37.06217328329588
815,2015,4,Tucumán,37.06217328329588,36.72477136636591
791,2016,1,Tucumán,36.72477136636591,37.23568289338424
767,2016,2,Tucumán,37.23568289338424,37.89736341023836
743,2016,3,Tucumán,37.89736341023836,37.9807622036193
719,2016,4,Tucumán,37.9807622036193,37.90016075894098
695,2017,1,Tucumán,37.90016075894098,38.18623365639289
671,2017,2,Tucumán,38.18623365639289,39.69537916123259
647,2017,3,Tucumán,39.69537916123259,39.8968735176797
623,2017,4,Tucumán,39.8968735176797,41.176009388866156
599,2018,1,Tucumán,41.176009388866156,41.512563170017415
575,2018,2,Tucumán,41.512563170017415,41.68101359528755
551,2018,3,Tucumán,41.68101359528755,41.75796963877769
527,2018,4,Tucumán,41.75796963877769,41.63074443134759
503,2019,1,Tucumán,41.63074443134759,40.13604621420884
479,2019,2,Tucumán,40.13604621420884,39.487600204016815
455,2019,3,Tucumán,39.487600204016815,47.64902012521289
431,2019,4,Tucumán,47.64902012521289,47.84792325850032
407,2020,1,Tucumán,47.84792325850032,51.78074091030483
383,2020,2,Tucumán,51.78074091030483,53.2281495112899
359,2020,3,Tucumán,53.2281495112899,54.78340441369959
335,2020,4,Tucumán,54.78340441369959,54.81892254125389
311,2021,1,Tucumán,54.81892254125389,54.928196510348045
287,2021,2,Tucumán,54.928196510348045,54.63604486100796
263,2021,3,Tucumán,54.63604486100796,55.92599102424391
239,2021,4,Tucumán,55.92599102424391,57.39003227231194
215,2022,1,Tucumán,57.39003227231194,59.31
191,2022,2,Tucumán,59.31,61.14
167,2022,3,Tucumán,61.14,61.04
143,2022,4,Tucumán,61.04,60.34
119,2023,1,Tucumán,60.34,60.75
95,2023,2,Tucumán,60.75,61.26
71,2023,3,Tucumán,61.26,61.04
47,2023,4,Tucumán,61.04,60.48
23,2024,1,Tucumán,60.48,
